Author_Name,Author_ID
Ahmad Almaghrebi,66925799
Kevin James,2069468721
Fares al Juheshi,31051246
Mahmoud Alahmad,2284527869
Christian A. Webb,31717083
M. Hirshberg,22471662
R. Davidson,118576023
Simon B. Goldberg,6383773
Iehab Alrassan,2085549408
Asma Alqahtani,2165796912
Lasse Kreimendahl,2284237316
Mikhail Karnaukh,2338003496
M. Röhr,38787372
Quan Wen,2058044165
Wen-Hsiang Tsai,40660777
Yung-Cho Chen,1519028170
Afsar P,2233494639
Shanid Malayil,2075217459
Aasha Verghese,2233502815
Aysha Sithara,2233500882
Amithab Pakarath,2233500875
Bijoy,2170117136
Ashmin K T,2233501784
Kate Donahue,122495956
Kostas Kollias,24194181
Sreenivas Gollapudi,144979147
M. Karimi,143995169
B. Vaferi,3433997
Cong Leng,3259574
Jianfeng Cheng,2149023425
Eugenio Vocaturo,2894523
E. Zumpano,1757723
Luciano Caroprese,3013763
Aghilas Akkache,2278947667
Lisa Clavier,2225866556
Oleh Mezhenskyi,2278943393
Kateryna Andriienkova,2278942280
Thibaut Soubrié,2278953381
Philippe Lavalle,2269072872
N. Vrana,5949283
V. Gribova,50186106
Lucas Neira de Lucas,2334988670
Glécio Silva Souza de Oliveira,2335104738
I. Faria,2037169343
Pedro Minchev Pinto,2334915568
Rodrigo de Camargo Patriani,2334994128
Bianca Cristina Paro Avelino,2334995512
Abdelouahab Belazoui,1829777
Abdelmoutia Telli,31782512
C. Arar,40442909
Zesheng Sun,2335088745
Pengcheng Huang,2348080160
Jialiang Lin,2335146575
Guiping Jiang,2349229052
Jian Chen,2348215666
Qianqian Liu,2348012936
A. Costantino,15076005
F. Caprioli,5351447
M. Vecchi,147625398
D. Stocco,2342220021
M. Aloi,5479315
A. Armuzzi,6852018
F. Ficari,46710243
F. Manguso,4319936
G. Mocci,6355099
A. Orlando,146150577
L. Pironi,4938703
S. Radice,46331271
F. Rizzello,34996349
A. Tongiorgi,67021408
S. Leone,145838284
F. Bossa,40024627
Fatemeh Zandie,2333739705
Mohammad Salehi,2333741325
A. Maziar,5962535
M. Bayatiani,147414513
Reza Paydar,2308773186
Peipei Chen,2290936508
Yuwei Jin,2290863914
Xinfang Ma,2290849926
Yan Lin,2291410971
Xinrui Ge,2056721044
Jia Yu,46380550
Fei Chen,2157325472
Fanyu Kong,8550973
Huaqun Wang,40245505
Hannon Shepard,2159008991
Michael Young,2159011732
Billy Kihei,1936237
M. Shukla,2298076784
Taryn Amberson,1904651437
Tara N Heagele,14261718
C. McNeill,2284586591
Lavonne Adams,2298188269
K. Ndayishimiye,2298187711
J. Castner,2276418397
Mayank Gupta,2152950465
D. Ramar,2143164142
Rekha Vijayan,2162152527
Nihit Gupta,2151682065
Amy Francis,2279990447
Colin Campbell,2279991537
Tom Gaunt,2279990390
Nikhitha K. Nair,32034584
S. Asharaf,48009587
Ying Yang,2146419472
Lidong Zhu,3127521
Chetanpal Singh,2222176832
Rahul Thakkar,2240045681
Rashikala Weerawarna,2240048305
Vimal B. Patel,2222176836
Tianxiang Wang,2318742911
Hao Yang,2324606564
Shengli Chen,2302582592
Cenxi Yuan,2324365543
J. Ni,9970626
Ruping Liu,2163285251
Yingqi Li,2163292705
Guangyi Tang,2065465713
P. Shi,2055356924
S. Fuentes,145298798
E. Tongson,30772377
R. Unnithan,21058844
Claudia Gonzalez Viejo,13288046
Steven E. Zhang,2116047177
J. Bourdeau,1970873187
G. Nwaila,107675320
Y. Ghorbani,9662996
Amira Bourechak,2204340369
Ouarda Zedadra,1873244
M. N. Kouahla,3401692
Antonio Guerrieri,143627888
Hamid Seridi,1392623159
G. Fortino,1691577
J-H. Park,2334520014
S.H. Bae,2335150806
H.J. Kim,2334500925
Computational and Mathematical Methods in Medicine,2191158069
E. Heinzen,6641675
Patrick M. Wilson,2162331407
C. Storlie,47036346
Gabriel Demuth,104322455
Shusaku W. Asai,2000725526
Gavin M. Schaeferle,2165605386
M. Bartley,17207036
Rachel D. Havyer,6622202
Puya Pakshad,2152469879
Alireza Shameli-Sendi,2265207018
Behzad Khalaji Emamzadeh Abbasi,2208477977
M. Biba,1704423
F. Xhafa,1679888
F. Esposito,1700821
S. Ferilli,1725650
D. Andrioaia,66163686
V. Gaitan,2055509
David Warm,113269027
Davide Bassetti,46174709
Jonas Schroer,10777819
H. Luhmann,3249727
A. Sinning,32240593
Jie Li,2149869703
Jinsong Wu,2144134706
Bin Hu,2118095747
Chonggang Wang,2146309367
M. Daneshmand,34665814
R. Malekian,2798354
M. Dhayanand,2279381005
M. Bharath,2260526599
M. P. Prabakaran,2260528322
M. S. vaardhini,2278545107
Construction Management Student,2279380387
Suryapavan Cheruku,2004489925
Suryanarayan Balaji,2248086878
Adolfo Delgado,2339620028
Vinayak R. Krishnamurthy,2256195344
Lulu Zhang,2328457063
Xiaowen Wang,2181382810
Huanhuan Zhang,2328271931
Bo Zhang,2295873742
Jin Zhang,2328099286
Xinkang Hu,2328219368
Xintong Du,2328800883
Jianrong Cai,2329139801
Weidong Jia,2319523838
Chundu Wu,2267774398
J. L. Aeberhard,2195639928
Anda Radan,48359293
R. Delgado-Gonzalo,1397904342
K. Strahm,2184504234
Halla Sigurthorsdottir,1972387119
S. Schneider,2067749358
D. Surbek,2068981183
A. Shelestov,144625909
M. Lavreniuk,10720539
V. Vasiliev,144188078
L. Shumilo,51894811
A. Kolotii,49238811
B. Yailymov,2647304
Nataliia Kussul,2455282
H. Yailymova,30494387
Tanmay De Sarkar,1795113375
Giovanni Cherubin,2591635
K. Chatzikokolakis,3472832
C. Palamidessi,1722055
Haoyu Zhang,2306835593
Yuxin Xu,2306419527
Lihan Xiao,2308421792
Canjie Zhen,2306454190
Arisoa S. Randrianasolo,3245425
Pengpeng Zhang,2291469438
Xinyi Wu,2291435788
Dingli Wang,2291342962
Mengzhe Zhang,2267291897
Bin Zhang,2291469077
Zhenfa Zhang,2238389108
Antonio Krüger,2064260103
A.E. Kairatova,2339595595
N.S. Kamzanov,2339596212
T.S. Beketov,2339595115
A.Z. Abekova,2339595588
K.K. Zabiyeva,2339593874
E. Walker,2053979963
Joshua A Kammeraad,39102196
John W. Goetz,72952067
Michael T. Robo,35443960
Ambuj Tewari,3064914
P. Zimmerman,3174588
Khamdun Khamdun,2091797683
S. Suparmi,2035836315
M. Maridi,73759107
A. Rusilowati,2079440273
G. Burkhardt,1700271820
K. Adorjan,8005747
J. Kambeitz,2876416
L. Kambeitz-Ilankovic,1414119219
P. Falkai,2660554
F. Eyer,6470232
G. Koller,153483182
O. Pogarell,2534407
N. Koutsouleris,3214043
D. Dwyer,5672681
Futoshi Futami,29800064
Masahiro Fujisawa,6185326
M. Wong,2113833460
M. Wells,108696091
D. Zamanzadeh,72068822
Samir Akre,2077503209
J. Pevnick,2677079
Alex A. T. Bui,144217742
K. Gregory,3570701
Zhenyu Yue,49514462
Wenna Zhang,1948252942
Yongming Lu,7774574
Qiaoyue Yang,94186560
Qiuying Ding,3502018
Junfeng Xia,4417093
Yan Chen,2144283823
P. K. N. Banu,3815286
H. H. Inbarani,145133117
Jinghao Wang,2292630556
Mojtaba Yousefi,2300235810
Jayaprakash Rajasekharan,2693824
Reza Arghandeh,2265326503
Hossein Farahmand,2292512207
Yuto Suzuki,2215690516
F. Kashani,3030273
Ali Forghani Elah Abadi,2162446116
S. A. Asghari,2262901
Mohammadreza Binesh Marvasti,2068016
Golnoush Abaei,2820701
Morteza Nabavi,1490934493
Y. Savaria,1756949
Junhong Chen,2275569867
Qihang Yuan,2300545851
Hewen Guan,2199526835
Yuying Cui,2321189873
Chang Fu,2220447371
Tianfu Wei,2321489136
Kai Liu,2282140745
Hai Qiu,46638878
R. Rehman,22238502
Xiaoqun Yu,143677795
S. Xiong,2758494
Soyang Kwon,5720320
Patricia Zavos,151177228
Katherine P. Nickele,101207276
Albert Sugianto,150924838
Mark V. Albert,3182510
Zhifeng Xiao,2180870323
Jianing Zhi,121844189
B. Keskin,39189434
Sarah G. Elnaggar,2221574965
I. E. Elsemman,2085650631
T. H. Soliman,50428033
Anil Kumar Prajapati Anil,2254452677
Umesh Kumar Singh,2254385095
N. Dhamayanthi,2989395
B. Lavanya,144840972
Punpaporn Saardloun,2335888725
Napacha Mahadumrongkul,2335894166
Kanis Surajarus,2335888972
Kankanit Suppataratarn,2335889108
Kantapong Horaraung,2335894787
Nalanlak Wonggulya,2335886011
Pann Klankasem,2335894174
Pitchapa Chaicharoen,2335894151
Weeraya Hew,2335889430
Sasinapa Anugulsawad,2335888979
Mohamed Skander Mahjoub,2335894235
Aung Pyae,2740374
Yaqiang Zhang,2298571937
Xuwen Wang,2298509247
Yanan Wang,2298574945
Wen Zheng,2298568562
Shuhui Ren,2075291155
Kaiyang Wang,66904290
Yunfang Jia,3468133
X. Yan,2117852671
Dorin Moldovan,3369856
I. Anghel,40390132
T. Cioara,1729979
I. Salomie,1706937
J. Kolter,2064947354
Yun Zhang,121310683
Xiaojie Xu,153030296
A. Negi,1728262
K. P. Kishore,2341041934
ZhaoZhou Cai,2196653485
Cong Peng,144327272
Bingyun Yang,2196176908
Xiaoyue Liu,2142863012
Omar Mohammed,144674044
G. Bailly,1754561
D. Pellier,1777631
J. Simmie,2670766
Weixiang Liang,2282355919
Yinlong Liu,2188015654
Jikun Wang,2167476542
Zhi-Xin Yang,2333251016
Gaurang Sonkavde,2225845486
D. Dharrao,51887595
A. Bongale,9192419
Sarika T. Deokate,46610789
D. Doreswamy,116853525
S. K. Bhat,50378805
Wenjuan Zhong,1380210582
Yuyang Zhang,2224850812
Peiwen Fu,2266393147
Wenxuan Xiong,2158038131
Mingming Zhang,2224871422
Dongping Cao,46690737
Jiachen Dang,2041846875
Yong Zhong,2023972375
P. Dharanyadevi,1874254
Amirthasaravanan Arivunambi,2043635667
B. Senthilnayaki,2242976074
P. Raj,144191726
H. Yen,2307477
Wei-Hsin Lin,2980674
O. Groot,46241283
Chih-Wei Chen,2109674117
Jiun-Jen Yang,2130037688
M. Bongers,121611245
A. Karhade,5134422
Akash A. Shah,2313842894
Tse‐Chuan Yang,2949264
B. Bindels,1404210932
Shih-Hsiang Dai,2219927065
J. Verlaan,144282055
Joseph H Schwab,2313088399
Shu-Hua Yang,2247345700
Francis J Hornicek,2313596772
Ming-Hsiao Hu,8367866
Robert M. Savage,2251274862
Delos M. Cosgrove,2237994560
Sherin Kularathne,2307745696
Amanda Perera,2337380916
Namal Rathnayake,2114558833
Upaka S. Rathnayake,70531964
Yukinobu Hoshino,2271867310
M. H. Zahmani,9081907
B. Atmani,3287693
A. Bekrar,3132058
N. Aissani,40118887
Sarah Shafqat,40460371
Zahid Anwar,2213873418
Qaisar Javaid,2281454
H. F. Ahmad,2088138377
Awos Kanan,39740778
Amal Taha,2200547919
Fadhila Tangguh Admojo,73529923
Yudha Islami Sulistya,2181472973
Pei-Hua Lin,2289926574
Ping-Huan Kuo,2266529178
Kuan-Lin Chen,2266577868
Yong Wang,2294545179
B. Rimal,3407759
Carson Koball,2159004238
Michael Fahnlander,2304845298
Julia Scheaffer,2304793932
Joshua Hammrich,2304795675
Paolo Gentry,2304795278
Dylan Westlund,2304793998
Tyler Salmen,2304794424
Connor Ford,2304799472
Wenru Zhang,2312864048
Ying Zhou,2272424983
Liuhui Xu,2170670021
Chaomin Qiu,2295156156
Zhixian Luo,2271124396
Zhenghao Jiang,2271748002
Xinyi Tao,2270428859
Yingjie Wu,2312875339
Shishi Yao,2312902269
Hang Huang,2313030846
Xinshi Wang,2312866805
Yunjun Yang,2270702453
Ru Lin,2150033004
D. A. Peterson,145941068
J. Knight,2526983
M. Kirby,152768617
C. Anderson,144826602
M. Thaut,2328412
N. Agrawal,49504506
Ajeet K. Sharma,2110199755
M. Bagheri,2394641
A. Akbari,9211742
S. A. Mirbagheri,39473012
R. Moheimani,15385671
Marcial Gonzalez,50364784
H. Dalir,49317795
S. Toxanov,2051287091
D. Abzhanova,2280516752
A. Neftissov,98450833
A. Biloshchytskyi,30681780
Xujing Bai,2012774630
Lei Zhang,145637096
Tong Yang,2109350939
Zhixin Hu,1504481712
Ranjeet Nagarkar,2346125337
Colin Bennie,2346128686
Kejia Wang,2346461575
Mark Lam,2346125827
Daniel Gonzalez,2346815327
Mahesh B. Chaudhari,2346125178
Christopher Miles,48512538
Ms. Likitha. K,2283233014
Ms. Harshitha S,2283235007
Pathanjali C,2283231256
Chung-Tsai Su,3157188
Chien-Yu Chen,97913682
Yu-Yen Ou,2781033
Tejas G. Puranik,28974080
D. Mavris,1703218
Ehsan Nowroozi,26973516
Abhishek,2116602
Mohammadreza Mohammadi,2097672910
M. Conti,145746490
Yi Li,2153683263
Baoyao Yang,7324583
Dan Pan,145793370
An Zeng,2065209361
Long Wu,2233545527
Yang Yang,2233751499
Arie Satia Dharma,123539048
Judah Michael Parluhutan Sitorus,2230000137
Andreas Hatigoran,2230012656
Justin S. Smith,2109795450
B. Nebgen,16253773
R. Zubatyuk,2147518
N. Lubbers,95613409
Christian Devereux,152907820
K. Barros,2435667
S. Tretiak,6232252
O. Isayev,2385206
A. Roitberg,145848913
Ang Li,2213599403
Théophile Sautory,1919023346
S. Shadden,3387799
Muhammad Hazimmuddin Hussin,2292331557
Yuzi Mahmud,2261547695
Nurul Izzah Mohd Hanafiah,2292331333
Zan Azma Nasruddin,2292331237
Nor Hapiza Mohd Ariffin,2089567022
Murat Ince,2292332132
F. A. Şenel,3384718
Jintao Xu,2209041790
Kai Chen,2209387409
Yaohui Yu,7877211
Yishu Wang,2140282634
Yi Zhu,49781537
Xiangjie Zou,1431743814
Yiqiu Jiang,4545096
W. N. Zanial,116720357
M. Malek,104307739
M. N. Reba,108240685
N. Zaini,35917656
A. Ahmed,1689298
M. Sherif,12686038
Ahmed Elshafie,2007619446
N. Shanmugasundaram,93344678
S. Praveenkumar,49960699
K. Gayathiri,70284781
S. Divya,88157862
Wei Wang,2158625346
Huanhuan Feng,2292351109
Yanzong Li,2292205846
Quanwei You,2228271705
Xu Zhou,2292731898
O. Georginova,15057497
M. Kobzar,2241137373
Jayun Kim,1662806370
Woosik Jung,2250206934
Jusuk An,97327920
H. Oh,2250122075
Joonhong Park,2250158179
Télesphore Tiendrébéogo,2111964
Yassia Zagre,2140541021
Arash Karimzadeh,113054314
O. Shoghli,98127546
Abdallah Bashir Musa,2675617
Yingli Pan,152270990
Zhanxu Liu,1453924341
G. Urgessa,144760655
Javad Esfandiari,2237316063
K. Yan,31837119
Hongyu Zhao,145400502
Joseph T. Wu,2111155094
H. Pang,1905832
Prakriti Dhakal,2007081196
Mitchell Humphreys,2296824748
Kevin M. Wymer,2257329877
Ben Chew,2296838945
Janet Zhen,2296849340
Fuad Elkhoury,2296840329
S. Sivalingam,3192475
Matthew Dunn,2296845427
Michael Borofsky,2296838366
Kshitija Aher,2166095458
Azida Mansor,2323872882
Zuraini Othman,2323877918
Dongsik Kim,2352758960
J. Kang,2309107072
Priyanka Sharma,2268201974
Shruti J. Pandey,1400286111
Sonalika Ray,2268076604
Mohit Mazumder,2268076586
Payal Gupta,2220241357
Abhishek Sengupta,2268069503
Ankur Chaurasia,2268068260
D. Boyd,31138924
Bertrand Perrat,6388538
Xiaodong Li,15524501
B. Jackson,2059708712
T. Landman,10328018
F. Ling,153084611
K. Bales,102218493
A. Choi-Fitzpatrick,1404875068
James Goulding,2057098
S. Marsh,40516637
G. Foody,145181054
P. Patil,2006020008
T. Bagwan,107774505
S. Kulkarni,101734118
C. Lobo,145516152
S. Khonde,2985034
N. Zhang,38930076
Yanpeng Qu,144666283
Ansheng Deng,38459018
C. Enyoh,94744039
P. E. Ovuoraye,2224542341
M. Rabin,95396530
Qingyue Wang,2258298788
Mohammad Abdullah Tahir,2216348121
Y. Bengio,1865800402
Michael K. Cohen,2295226237
Nikolay Malkin,2067020770
Matt MacDermott,2315926886
Damiano Fornasiere,1573661286
Pietro Greiner,2315926108
Younesse Kaddar,2257024037
Yu-Hao Zhan,2341536104
Zanyang Xing,2249427869
Tong Xu,2309122765
Qing‐He Zhang,2305691290
Feng Oiao,2341533065
Yong Wang,49417391
Marcelo Dos-Reis,2326364376
Celso Iwata Frison,117573565
Fabiano Costa Teixeira,2326365031
H. T. Marques-Neto,1403267048
Chih-Hung Wu,1792578
Wei-Han Su,1796247
Ya-Wei Ho,40498886
Abhishek Bhatt,2124521724
S. Choubey,71706730
A. Choubey,9255319
K. Pachori,2317915
Vandana Thakur,2076257351
Brankica Bratić,8552088
V. Kurbalija,3113695
M. Ivanović,144395551
Iztok Oder,51480852
Z. Bosnić,2025112
Hongjin Kim,2110134563
Harksoo Kim,2108880610
E. Kearns,104810796
Christina Morin,82528264
Xiaotong Bai,2315228661
Yuefeng Zheng,1845635
Yang Lu,2314787559
Daniil Kononenko,145508283
Yaroslav Ganin,2825246
Diana Sungatullina,2690172
V. Lempitsky,1740145
K. Teo,2049054624
B. B. T.,1818234319
Jianying Zhou,2143470218
Jer-Ming Chen,5463433
Astha Sharma,2109624445
T. Hoque,1687728
Elias Ioup,2456955
M. Abdelguerfi,2928835
Antonio Valerio Miceli Barone,3282877
B. Haddow,2259100
Ulrich Germann,50655248
Rico Sennrich,2082372
L. Tang,2144568807
K. Ho,2253276850
Caizhuang Wang,23206303
Md Sumon Gazi,2296471968
Ayan Barua,2336458846
Fazle Karim,2339931706
Md Ismail Hossain Siddiqui,2345821727
Niropam Das,2343041314
Md Raisul Islam,2339219483
MD Abdul Fahim Zeeshan,2343649881
Md Anisur Rahman,2339220785
Md Abdullah Al Montaser,2345849896
Eve S Shalom,2265473695
Amirul Khan,2265520885
S. van Loo,40564012
S. Sourbron,2237754404
Ma’mon M. Hatmal,13411193
W. Alshaer,10394554
I. Mahmoud,35868722
Mohammad A. I. Al-Hatamleh,1412797280
H. J. Al-Ameer,2132924372
Omar Abuyaman,8176300
M. Zihlif,4324998
Rohimah Mohamud,3859485
Mais Darras,87011304
Mohammad A. Al Shhab,51173141
Rand Abu-Raideh,2132941884
Hilweh Ismail,2134751475
A. Al-Hamadi,2064082543
A. Abdelhay,2017132416
Zheshu Jia,1471683275
Deyun Chen,2363528
Mark J. J. P. van Grinsven,8973988
Y. Lechanteur,3734741
Johannes P. H. van de Ven,48463317
B. van Ginneken,123637526
C. Hoyng,3395690
T. Theelen,2131352
C. I. Sánchez,144085811
Sitao Min,2298077620
H. Asif,32917482
Jaideep Vaidya,2260631065
Eleftherios Avramidis,2837687
M. Secujski,1686270
N. Jakovljević,143780630
Nikola Simić,2148289458
V. Delić,1693523
Lidija Krstanović,1992555
Tijana V. Nosek,1491237881
Branislav M. Popović,2080499728
S. Suzic,38773650
Vuk Stanojev,2277549395
S. Puttinaovarat,3364814
Paramate Horkaew,3343817
Soran Hamad,2295761535
S. Askar,3093729
Farah Sami Khoshaba,2315367092
S. Maghdid,1396411124
Nihad Abdullah,2295763566
A. Tuerk,50459267
Amine Barrak,51170193
Ellis E. Eghan,3379298
Bram Adams,143612725
Yuan Lan,1770395
Y. Soh,145850486
G. Huang,145678691
S. Nagendram,1573361268
M. Nag,11728316
S. Kalyan,144256374
Ho Zi Rui,2343930978
Tan Ying Chien,2343924351
Loo Xin Ee,2343930877
Cheong Wei San,2343932648
Law Teng Yi,2330133086
Abhigya Mahajan,114806010
Baijnath Kaushik,34788773
Qinpeng Liao,2221758468
Huangling Gu,2311614945
Chongchong Qi,2249624113
Jin Chao,2167286367
Wenping Zuo,2221537054
Junqin Liu,2311457601
Chen Tian,2311816196
Zhang Lin,2311457269
Chen Li,
Ying Hua,47029485
D. Pan,145351366
Lulu Qi,2156153119
Chaogeng Xiao,5156240
Yongzhao Xiong,51266051
Wenjing Lu,2111609309
Ya-li Dang,10915901
Xinchang Gao,2027016864
Yufen Zhao,2154943626
Pooja Sharma,2142289797
H. A. Ahmed,2315045
Swarup Roy,38217938
D. Bhattacharyya,50573679
Zhen Zhang,2118029605
Cheng Ma,144970602
Rong Zhu,2070270377
M. Ingalhalikar,1790073
Sumeet Shinde,116506705
Arnav Karmarkar,2092490343
Archith Rajan,144010127
D. Rangaprakash,3064304
G. Deshpande,143879680
M. T. Isyapar,2171515450
Suleyman Yildirim,2283151989
Ufuk Uyan,2183450331
Abhishek Singh,2297639944
Zohaib Hasan,2297562560
Vishal Paranjape,2138523055
Vedant Vashishtha,2318080021
Shubhanshika Chhabra,2318069573
Vasileios P. Rekkas,1809387553
Michail Kerasidis,2328292462
S. Sotiroudis,31249935
P. Sarigiannidis,2298465626
Konstantinos E. Psannis,41037178
E. Krystallidou,98884159
Sotirios K Goudos,144461881
Andrei Mircea,1683066845
Hannah Ker,2005543466
R. Sieber,39724649
Sarah Greenidge,2005523802
Sam Lumley,2005222538
Drew Bush,97494650
Stefan Morgan,2005430301
Rosie Zhao,2004617613
Mikael Brunila,1382832269
Yu Sun,2117103880
H. Reynolds,2110905
D. Wraith,38916898
S. Williams,35265720
M. Finnegan,2872756
C. Mitchell,2250039140
D. Murphy,143799272
A. Haworth,2784368
N. Tran,2068611376
Samer Albahra,1830412825
L. May,5371772
S. Waldman,46611479
Scott Crabtree,2148536328
Scott Bainbridge,2143549636
H. Rashidi,31682040
Shaikh Areeba Abdul Hakeem,2163319579
Muskan Singh,2163320822
Pooja Nandukumar Shingewad,2163320765
Shruti Shrikant Nikam,2163321391
Zhibin Yang,2109432754
Yang Bao,2075377374
Yongqiang Yang,49307645
Zhiqiu Huang,1713329
J. Bodeveix,1763020
M. Filali,1709518
Zonghua Gu,2068006437
Farjana Akter,2287962033
Md. Umor Faruk Jahangir,2279481335
Md. Forhad Rabbi,2378919
R. Chowdhury,69938484
Seunghye Lee,13834779
Lee， Jaehong,2092359213
A. Zatcepin,1416711090
M. Pizzichemi,2273972386
A. Polesel,1629509028
M. Paganoni,2425652
E. Auffray,152163988
S. Ziegler,1937193
Negar Omidvari,6148099
P. Guo,1491726224
Ting Yang,2149250323
Wenxian Xu,108345623
Bin Chen,2146709950
Meiyan Xu,2110683490
Junfeng Yao,2109803227
Yifeng Zheng,2158586628
Yaojin Lin,7893127
BingHao Pan,2336141538
Wensheng Liu,2336246022
Pan Zhou,2113326933
D. Wu,2262083284
Zizhan Zhang,2327864577
Yingchun Cao,2332145446
Julia Joch,2199322527
Kristina Kirsten,2149538895
B. Arnrich,2798136
Mahnoor Anjum,151104072
M. A. Abdullah Khan,35432676
Syed Ali Hassan,1682336
Haejoon Jung,3027741
K. Dev,1845870613
C. Li,46651287
Xiaohui Zheng,145648555
Xing Meng,2109496569
Li Wang,2152721408
Chunxiao Xing,1838264
Hyunwoong Ko,47885718
HaiBo Cui,2112820873
Jingjing Zhai,6989114
Chuang Ma,49679382
Rajinder Gupta,2110343231
J. Kleinjans,21805338
F. Caiment,2349478
B. K. Joardar,25173634
J. Doppa,2089333
Hai Helen Li,40348219
K. Chakrabarty,143631962
P. Pande,1754491
A. Battle,145086335
"Hyun Sim, Hyunwook Kim",2273444328
Y. Kim,49170958
Youngdoo Son,2242129
Wonjoon Kim,2821001
Byungki Jin,2996101
M. Yun,1716140
Liangxiao Jiang,1746953
Sun-A Lee,2107991276
A-Reum Yoon,2176277969
Ji-Won Lee,2176367738
Kwangjae Lee,2764370
Mansour Al Sulaiman,1429644956
Abdullah M. Moussa,32445208
Sherif M. Abdou,143993049
Hebah Elgibreen,7443096
Mohammed Faisal,2140414538
M. Rashwan,144474786
Mengxin Lu,1606631052
Z. Du,46890734
Jiping Zhao,2109903853
Lan Jiang,2108236750
Ruoyi Liu,2143183485
Muzhao Zhang,2217527852
Tianjiao Xu,122746553
Jingpei Wei,2209318207
Wen Wang,47825073
Lingling Xu,2171089846
Haijiao Guo,2217583667
Chen Chen,2127381476
Xin Yu,2203255945
Zhong-jian Tan,5113985
J. Fang,6670979
Yihuai Zou,32987037
Andrzej Wolski,2301456280
Diego Botelho,2301456917
David Dunning,2301456880
Amelia E. Pollard,2301457158
K. D. Jong,145502027
David Schaffer,49800767
D. Goldberg,1715339
J. Grefenstette,1869443
G. Robertson,1699184
Stewart W. Wilson,2341152
Robert H Wilson,2284589645
Rebecca Rowland,40055142
Gordon T. Kennedy,2220225377
Chris Campbell,2284315906
Victor C. Joe,2212779451
Theresa Chin,2284322584
D. Burmeister,2496150
Robert J Christy,2284324431
A. Durkin,2250078739
Yuntao Hu,2166292082
Mingzhe Chen,2107942948
Zhaohui Yang,50109653
M. Shikh-Bahaei,1388444445
H. Poor,2113229282
Shuguang Cui,2106614719
Vaishali Balakarthikeyan,117148565
Rohan Jais,108618107
S. Vijayarangan,1631291481
Preejith Sreeletha Premkumar,40902088
M. Sivaprakasam,2370826
Samuel S. Rudisill,1471263888
Alexander L Hornung,2106488024
J. N. Barajas,2151212957
Jack J. Bridge,2164773572
G. M. Mallow,1791176331
Wylie Y. Lopez,51160636
Arash J. Sayari,10749586
Philip K. Louie,3462777
G. Harada,151420454
Y. Tao,49784582
H. Wilke,144793101
M. Colman,49030166
F. Phillips,1769056
H. An,143986637
Dino Samartzis,1864048336
P. Mollaei,2101395648
A. Farimani,3614493
M. A. Bagherzadeh,47527104
M. Yazdi,145105283
B. Karthick,2004415152
Harjeetpal Singh,123317618
Muthukumaran Malarvel,10762902
Ankit Chouhan,2133769321
Ashok Parmar,2055494867
Kamal M. Captain,40451323
M. López-Benítez,1397286739
P. Pant,152762383
A. Rajawat,40642247
S. Goyal,2067928143
P. Chakrabarti,153906595
P. Bedi,2005805289
Ayodeji Olalekan Salau,1456147509
Yongli Yang,2236388442
Xiaoyi Wang,2155610656
Shuyan Wang,2108710355
Qiang Chen,2146379306
Mingli Li,47629206
Shaoxiong Lu,8090588
S. Leelavathy,2336892288
S. Balakrishnan,2336889297
M. Manikandan,2336890541
J. Palanimeera,2336888876
K. Mohana Prabha,2336889646
R. Vidhya,2336892247
Sanjeev Bhardwaj,2296349233
Deepankar Bharadwaj,47350595
Roberto De La Rosa,2146890947
R. Tolosana-Delgado,1402012203
M. Kirsch,40586945
R. Gloaguen,2971695
Saikat Majumdar,2057273909
Mohammad Hossein Samavatian,2830340
Kristin Barber,20295684
R. Teodorescu,3084320
Liuhuan Ma,2300714018
Jiong Yang,2300498524
Gauri Malwe,107691802
D. Kshirsagar,39934720
A. Madkaikar,108369486
Abdul Gaffar Sheik,2238575287
Arvind Kumar,2211951391
Anandan Govindan Sharanya,2332071713
Seshagiri Rao Amabati,2332071470
F. Bux,2757420
S. Kumari,144971017
M. A. Ganaie,151113774
M. Tanveer,152622072
P. Suganthan,1688355
Ziyi Chen,2144251699
Shaocong Ma,1576266923
Yi Zhou,2118765295
Bo Ding,
Hao Luo,145639692
Zhigang Wu,144033656
Shuzhuang Zhang,2738247
Gang Tang,145339203
Hao Hu,2118878902
Jian Kong,2072804942
Hao Liu,46935802
Shovit Kumar,2295117580
Dr. Raju Ranjan,2294985470
Yang Li,2154901086
Yankun Peng,2266146826
Yong-yu Li,2110428458
Tianzhen Yin,2221290055
Bingwei Wang,2218737523
E. V. Potapova,2059358589
V. Shupletsov,1395086006
V. Dremin,2315092655
A. V. Mamoshin,2316755864
A. V. Dunaev,2135277815
M. Nouredanesh,3408086
Katharina Gordt,9666956
M. Schwenk,46719775
J. Tung,145407517
Khalid Suliman,2314455767
M. Balushi,2215939951
Hannah Holliday,2314444012
M. Alblooshi,2188959290
Amar Ahmad,2314901143
Mohamed Raoui,2214662748
Mohammed Ennaouri,2276077186
M. Yazidi,40381948
A. Zellou,2207947
T. Jo,2665454
Markus Bayer,144892532
M. Kaufhold,2555887
Björn Buchhold,2209043
Marcel Keller,
J. Dallmeyer,2774931
Christian Reuter,145481292
Wei Fu,2271901441
Junlong Zhao,2272261103
Guobin Chen,2271802749
L. V. Linya,2316469886
Yuanhui Yu,50133881
Nouria Rahnema,1911979413
F. S. Gharehchopogh,2355470
K. Ahn,7002272
Kwang-Sig Lee,48052757
Y. Ghaffar,75097474
Faizan Shaukat,1950956867
A. Desai,48933647
Muhammad J. Khalil,51250683
M. Alkhouli,6887512
B. Raybuck,4603454
V. Badhwar,5304239
P. Sengupta,2274738
T. Cassiano,2006044670
M. L. Pereira Júnior,15009315
P. H. de Oliveira Neto,10007503
L. A. Ribeiro Júnior,2135613031
V. Madireddy,98130371
Ahmed M.S. Kheir,2331098959
Ajit Govind,2239891615
Vinay Nangia,2244333142
M. El-Maghraby,121949441
Abdelrazek Elnashar,1742192783
Mukhtar Ahmed,2351797889
Hesham Aboelsoud,2351779895
Rania Gamal,2351782542
T. Feike,3103075
C. Anjali,2140204798
J. Punitha,144646517
Malar Dhas,2268991368
J. Amar,2268994711
Pratap Singh,2269053802
Ryan E Odstrcil,2128412811
P. Dutta,8469726
Jin Liu,144157322
M. Luján,49046759
Jorge Mateo Sotos,1726127060
A. Torres,144037280
J. Santos,1994709133
O. Quevedo,2070039349
Alejandro L. Borja,2143343142
Kenneth A. Brown,2117073554
T. Herges,3228134
Hua Wang,2155242880
Ling Luo,2114162969
Tao Liu,2149917006
Zhehan Tang,91633682
Yufang Jin,145907601
P. Brown,80504310
Mee-Kyung Park,2004723204
Selim Molla,2266108395
Ehsan Bazgir,2290201023
S. M. Mustaquim,2261209300
Iqtiar,2290199865
Anamika Ahmed Siddique,2266109009
C. Dwork,1781565
Aaron Roth,1682008
W. Freeman,1768236
P. Perona,1690922
B. Scholkopf,1707625
Juan M. Santos-Gago,1393633379
Mateo Ramos-Merino,1443660918
Luis M. Álvarez-Sabucedo,1400918473
Yafei Mu,2174182590
Yuxin Chen,
Yuhuan Meng,34437182
Tao Chen,2213345932
Xijie Fan,2148285161
Jiecheng Yuan,2174199158
Junwei Lin,2213355286
Jianhua Pan,1597437702
Gui-Lin Li,1820774602
Jinghua Feng,1928416
Kaiyuan Diao,2229882952
Yinghua Li,2228971192
Shihui Yu,2152831865
Lingling Liu,46458400
Fusun S. Tut Haklidir,1431760253
Mehmet Haklidir,2327455481
Yuhan Liu,2260615167
Xueying Xia,2260486307
Yushuo Hu,2318352120
Zhen Li,2260446550
Hailong Gu,2320075150
Mihai Horia Popescu,2072374033
Kevin Roitero,3445334
Stefano Travasci,2133231714
V. D. Mea,2335925
Bartłomiej Kocot,12295358
P. Czarnul,3318504
J. Proficz,1930275
Lei Pei,50407411
X. Gong,9500033
Shouhu Xuan,3702366
Rama M,2182250323
Tejaswini G,2182252678
Niharika T,2182253079
Murari K,2182249233
Bhanu Prakash M,2182253077
S. Wibirama,7487040
A. P. Sidhawara,90613439
Generosa Lukhayu Pritalia,2229888163
T. B. Adji,2001430
Nidhi Agrawal,47992893
Min-Jian Yang,2324061590
Constantinos Xanthopoulos,3080411
Vijayakumar Thangamariappan,2047249072
Joe Xiao,2047146307
Chee-Wah Ho,2047243366
Keith Schaub,1500524421
Ira Leventhal,150134966
Tarek Khater,81957285
A. Hussain,2175056686
R. Bendardaf,6558082
Iman M. Talaat,2294763180
H. Tawfik,1970251
Sam Ansari,2260001835
Soliman A. Mahmoud,2227650844
C. Graf,3123606
F. Quaglia,1403760145
F. Wolak,6196194
Kai Zhang,2153280096
John A. Lincoln,2281046932
Xiaoqian Jiang,2144810864
E. Bernstam,2381941
Shayan Shams,39049529
S. Maki,145967080
T. Furuya,40124964
Takaki Inoue,51096188
Atsushi Yunde,5720049
Masataka Miura,11219431
Yuki Shiratani,1717210891
Yuki Nagashima,2185291545
Juntaro Maruyama,2237224620
Yasuhiro Shiga,36650273
K. Inage,6056327
Y. Eguchi,47442975
S. Orita,143892751
Seiji Otori,2264983046
J. Burrello,3997706
A. Burrello,2282469785
Jacopo Pieroni,1394170357
E. Sconfienza,150094407
V. Forestiero,1413255472
M. Amongero,1581470451
D. Rossato,3230692
F. Veglio,5122226
T. Williams,2117920
S. Monticone,4551220
P. Mulatero,5406151
Renbo Zhao,2345985
V. Tan,1717080
Brahma Reddy Katam,2317572402
Chao Zhang,2292301726
Zhangyan Wu,2333053848
Zhaoxin Li,2341453535
Hao Xu,2341400213
Zhihao Xue,2342092970
Rongrong Qian,2242968744
Elena Ignatova,2273150045
Larisa Kruglova,2271777150
Aishwarya Londhe,2165858397
Sahil Gawathe,2298350002
Prathamesh Pandey,2298348508
Gajanan Date,2298350018
Sameer Meshram,2298346093
B. Szalai,4741578
Imre Gáspár,7361687
Valér Kaszás,70456844
László Mérő,2256345385
Milán Sztilkovics,2256347941
Kristóf Z. Szalay,2256348983
Cuihan Li,1838954638
S. Lyu,1796652680
Seyyed Ali Hosseini,2160303086
G. Hajianfar,146801702
Brandon Hall,2337612159
S. Servaes,4096228
Pedro Rosa-Neto,2339455503
P. Ghafarian,6073511
Habib Zaidi,2323174175
M. R. Ay,2250648615
Limin Chen,2109222502
Zhuohang Li,2118391121
Eliot T. McKinley,143819422
Joseph T. Roland,49968051
J. Franklin,2281070963
M. C. Macedonia,1441575725
Paige N. Vega,67341850
Susie Shin,2110849120
R. Coffey,3938259
K. Lau,32250194
D. J. Kline,2257036190
M. P. Hennessey,2257037603
D. K. Amondson,2257037559
Steve S. Lin,2257136318
M. D. Grapes,3060361
Massimiliano Ferrucci,2257038698
Peggy Li,2257130618
H. K. Springer,2276669609
Robert V. Reeves,2257040205
Kyle T. Sullivan,2140343310
J. Belof,7899483
Niklas Adebar,2281317402
Julian Keupp,2281312856
Victor N Emenike,2281313333
Jonas Kühlborn,2281316908
Lisa Vom Dahl,2281317705
Robert Möckel,2281312868
Jens Smiatek,3066423
K. Kunze,14642674
Aimee Bobko,144099843
Joshua I. Mathew,2131172677
Evan M Polce,41156190
J. Manzi,48189719
Allen D. Nicholson,2125465480
A. Finocchiaro,89191625
Jennifer A. Estrada,2086956099
Jacob Zeitlin,2166055658
Blake C. Meza,150937537
Samuel A. Taylor,1776395
T. Blaine,2186391
R. Warren,4544792
M. Fu,47585415
J. Dines,1715258
Lawrence V. Gulotta,50725030
Munlika Rattaphun,150228456
Kritaphat Songsri-in,1412969516
E. Steyerberg,144517928
R. Engineer,5508268
A. Puppalwar,2048652392
J. Sastri,123589269
A. Jha,2202581438
Suman Kumar,2109604711
A. Saklani,5141852
H. S. Parveen,2296335127
S. Karthik,2297883615
Kavitha M S,2159390300
Mingxia Liu,7830359
Daoqiang Zhang,2839559
D. Shen,144986260
Jasneet Kaur,2298073764
M. A. Khan,2298724424
J. Kender,1719062
M. Naphade,1780080
Juan Zhao,1739358924
Jinhua She,2061244539
Dianhong Wang,2145384963
Feng Wang,2145757244
Chenglin Ye,80080655
Sizhe Zhu,2110018754
Yuan Gao,2118635944
Yabing Huang,2108625229
S. Karthika,2297389947
G. Padmavathi,2257976452
A. Roshni,2164146401
S. Varshini,2297390582
S. Yi,96765730
G. Kondolf,3930168
Samuel Sandoval Solís,148131506
Larry Dale,2300232701
Jim Barnes,2221070896
Colum Crowe,46220282
B. O’flynn,1381711341
Salvatore Tedesco,118250285
Shuangjun Liu,144369660
Yu Yin,2116010798
S. Ostadabbas,2225783
Jestine Paul,2072790832
B. Tan,3413098
B. Veeravalli,2097860
Khin Mi Mi Aung,1685959
Trevon Badloe,51070642
J. Rho,40142650
C. Bauer,1388683738
G. Schneider,144522872
A. Göller,1771606
Daniel D. Leeds,9408164
Yue Zeng,2111186846
Brian R. Johnson,2111408223
C. Foster,35082878
Christopher J D'Lauro,1422544691
Di Yao,2326028663
Ge Gao,2326015013
Qingyu Yang,2326160111
Feng Fan,2214810428
Jiachuan Yan,2326555708
Nathaly De La Rosa,2327347360
Niccolò Peruzzi,47288917
T. Dreier,150318704
My Truong,101256749
Ulf Johansson,2305664586
Sebastian Kalbfleisch,2274299757
Isabel Gonçalves,2105821351
M. Bech,2264324739
Marilena Agathokleous,1689617
N. Tsapatsoulis,1709633
Rajashri Chitti,2268075536
Shilpa Paygude,2678686
Kishor Bapat,2268075264
Serpil Aslan,27791199
Harun Bingöl,2211380986
Anubhav Elhence,1564562270
Adit Goyal,2055865930
V. Chamola,3185174
B. Sikdar,48440849
O. Yoo,2037154938
B. V. von Ungern-Sternberg,1397874293
L. Y. Lim,2136028290
Pedro L Teixeira,145640363
Jeffrey L. Mendenhall,2256196
Sten Heinze,26853434
B. Weiner,3377317
Marcin J. Skwark,3114566
J. Meiler,1754226
Zhen Chen,2117102276
Liming Zeng,48973295
Genglong Liu,2109614753
Yangpeng Ou,12043454
Chuangang Lu,1677675795
Ben Yang,2163274691
Liuer Zuo,11909287
Andreas Goreis,41093540
Bettina Pfeffer,2130646243
H. Zesch,6955393
Diana Klinger,2114229842
Tamara Reiner,2202631208
Mercedes M Bock,2164735709
S. Ohmann,2107927
P. Sackl-Pammer,1404023732
S. Werneck-Rohrer,1404538870
H. Eder,143952661
K. Skala,2556569
Klara Czernin,1585308081
D. Mairhofer,48518922
Bernhard Rohringer,2202637329
Carolin Bedus,2202633445
Ronja Lipp,2202640902
C. Vesely,8433807
P. Plener,4629473
O. Kothgassner,3136916
I. Genrikhov,15016404
E. Djukova,3407187
V. I. Zhuravlev,2198772665
Nils Müller,2142394449
C. Ziras,49875067
K. Heussen,1914208
Mingguang Shi,3319153
Junwen Wang,2119887220
Chenyu Zhang,2111338897
William Kew,2335483824
J. Mitchell,1988489309
K. Gillette,40194122
M. Gsell,40863713
C. Nagel,1381306424
Jule Bender,2183607999
Benjamin Winkler,2198546787
Steven E. Williams,3232146
Markus Bär,2208374044
T. Schäffter,2066191193
O. Dössel,2127646785
G. Plank,143750957
A. Loewe,3201248
Katherine Fraser,122361977
M. Schwartz,2063178
D. A. Rasool,2205924025
H. J. Ismail,70428246
Sardar P. Yaba,70562914
M. Chowdhury,2187255980
H. M. Z. Haque,143847044
K. Tahmid,2187256488
Fatema-Tuz-Zohora Salma,2216906241
Nafisa Ahmed,123757169
Devon K. Barrow,2787436
N. Kourentzes,1822417
Rickard Sandberg,47934251
Jacek Niklewski,118878715
J. Li,41171468
Y. Lin,1920730459
Y. Huang,49866082
R. Aparasu,11939098
A. D. Adeniyi,100557535
S. O. Oladejo,48039819
T. M. Usman,2128382898
Peng Tang,1452327949
Weidong Qiu,40453004
Zheng Huang,1390799037
Shuang Chen,2110790783
Min Yan,2114008561
Huijuan Lian,50427515
Zhe Li,2144242232
M. Lewis,50086316
C. Pitzalis,4964301
H. Kawaguchi,2059196521
R. Ibrahim,6700056
M. A. El-aziz,78397709
D. Oliva,144588182
E. V. C. Jiménez,1718492
Songfeng Lu,66845023
Mohammad Arafah,2087500749
Iain W. Phillips,2196311808
A. Adnane,2072773
F. Khan,35065845
Anush kumar Thati,2334939400
Minkyu Kwak,80880370
H. Jin,153720396
Bataa Lkhagvasuren,1955833
Delgermurun Oyunmunkh,2248485211
K. Saho,2719667
Sora Hayashi,1383246948
Mutsuki Tsuyama,2156211656
Lin Meng,2113608835
M. Masugi,2328680
J. Lin,50993009
M. Freytsis,91007339
I. Moult,102864735
B. Nachman,3085579
Ilhan Uysal,103966591
Utku Kose,2305175218
Sajid Farooq,48201868
Matheus del-Valle,122599430
M. O. dos Santos,2120327836
S. N. dos Santos,27721740
E. Bernardes,8506269
D. Zezell,93879168
Jackson P. Lautier,2123004476
Stella Grosser,2238179251
Jessica Kim,2307394830
Hyewon Kim,2238387455
Junghi Kim,2307242311
Jing Zhang,2267311698
Minghao Zhu,2260652764
Feng Liu,2266167420
Sazia Mahfuz,36835448
Haruna Isah,37989093
F. Zulkernine,1717045
Peter Nicholls,2070192309
X. Li,2206675449
Zhi-juan Wang,2157177637
Wenman Zhao,1805643223
Rui Shi,2212873554
Yu-yu Zhu,2109481994
Haifeng Pan,14692701
Deguang Wang,2248821110
Ch Sai Chandana,2166929997
K. D. Rao,2107737904
P. K. Sahoo,2106268452
Omid Shahvari,3482313
R. Logendran,3347619
M. Tavana,1681115
Junwei Chen,2326804000
Yueling Zhang,46867896
Lingfeng Zhang,2327199943
Min Zhang,2326723849
Chengcheng Wan,2310343847
Ting Su,2256692694
G. Pu,4166714
Sean Khozin,2318270439
Neil D Lawrence,2275907025
Jessica Montgomery,2275903694
Bernhard Schölkopf,2250962510
Yassir El Madmoune,2213469140
Aymane Bouali,2300527351
Khalid Zenkouar,2300530928
Azeddine Zahi,1755104
Pro. Ankit Sanghavi,2164673578
E. Yoshida,145073672
A. AsmaAhmed,2330743253
Mohammed,2330642254
G. Ceddia,151474873
Pietro Pinoli,3023769
S. Ceri,144161686
M. Masseroli,1737880
R. Salas-Rueda,1409487550
A. V. Matseiko,2279953886
I. Kharuk,2237133738
Majid Laali,40020868
Andre Cianflone,35090018
Leila Kosseim,3070991
G. Dima,2261955274
Christopher John Stevens,2326084658
Zhouru Li,2144279693
Jiao Huang,2109983905
Zhenyuan Wang,40976475
Ji Zhang,2116922101
Ping Huang,145762987
Navid Kardani,2775012
A. Bardhan,2088620506
P. Samui,3258641
Majidreza Nazem,47714752
Annan Zhou,2150273358
D. J. Armaghani,1828958
R. M. Bhatawdekar,116480662
Radhikesh Kumar,2108795116
Mohanad Muayad Sabri Sabri,2159177367
Bishwajit Roy,123590530
E. T. Mohamad,2996065
Deepak Kumar,2116414493
Sangki Kwon,98751801
Koffka Khan,2153941
E. Ramsahai,8811195
A. Badani,2326566049
C. Grzyb,2294988731
E. W. Church,2326569616
M. Glantz,2235034135
Enzo Pacilio,2168988372
Alejo Silvarrey,2169012598
Alvaro Pardo,2298463172
L. Mohan,121189542
Sourabh Jain,48326248
Priyanka Suyal,9280286
Arvind Kumar,2119304199
Shijin Yuan,1901892
Xiaodan Luo,49634165
Bin Mu,46717188
Jing Li,2152907795
G. Dai,102450119
A. Mohammadi,1748839325
Mohammad Mirza-Aghazadeh-Attari,1401584781
F. Faeghi,6526323
Hasan Homayoun,2182523178
J. Abolghasemi,7022645
T. Vogl,2095863019
N. Bureau,4918751
Mohsen Bakhshandeh,6544921
R. Acharya,145175759
A. Abbasian Ardakani,3939817
Nikita Kotsehub,2196954314
Matt Baughman,46202504
Ryan Chard,36319017
Nathaniel Hudson,48808283
Panos Patros,151473641
Omer F. Rana,144024945
I. Foster,2065944820
K. Chard,3091414
Jiwon Choi,2145009637
Hyundo Lee,2047157534
Soyoung Cho,113499239
Yorim Choi,2223679715
Thuy X. Pham,2153719190
Trang T. X. Huynh,47339736
Y. Lim,46393374
Soon B. Hwang,2344955772
Yaolong Zhang,2049101770
Sheng Ye,144302833
Jinxiao Zhang,21271250
Ce Hu,144804588
Jun Jiang,2141510223
B. Jiang,50220185
Xuanhui Yan,2106766
Lifei Chen,7628331
G. Guo,35009947
Revan MacQueen,2030713966
James R. Wright,2260281450
Yi Yuan,2112499665
F. Auger,100548599
L. Loron,2013074
Stephane Moisy,
Mathieu Hubert,34356999
J. Ramirez,2266263235
J. P. Martinez,2266370545
S. Van Duijvenboden,2266311322
A. Tinker,2237516364
P. Lambiase,2266312262
M. Orini,2266312436
P. Munroe,2266317137
A. Miguel,2266315528
Subhash Ariyadasa,2167693417
S. Fernando,144699362
Subha Fernando,2060649722
Prof. Jyotsana Gabhane,2249190166
Krishna Jaiswal,2249190202
Priyanka Dhuriya,2249222105
Saurabh Bhure,2249179552
Mayur Meshram,2249189880
Vivek Kumar,2249600889
J. L. Uc-Castillo,2087082015
A. E. Marín-Celestino,1416618214
D. A. Martínez-Cruz,1484504916
José Tuxpan-Vargas,1411257380
J. A. Ramos-Leal,1402220821
S. Banerjee,2034372323
Rick S. Gupta,2109271257
J. Reiness,103007419
S. Seth,47389722
M. Spannowsky,15740682
J. Luis Espinoza,2285592618
Payam Jannatdoust,2215722998
Parya Valizadeh,2162419864
Nikoo Saeedi,83857207
Gelareh Valizadeh,1564615923
H. Salari,32394471
H. Saligheh Rad,2918520
M. Gity,1990800
Zhi-Xing Li,2218899393
Pengsen Lu,2214180256
Guang-Yan Wang,2152582807
Jia-Hui Li,2218880417
Zhen-Hao Yang,2029319614
Yunpeng Ma,2218675820
Hong-Hai Wang,2196698773
Sania Malik,2155759677
Muhammad Tahir,2061506769
Muhammad Sardaraz,3421647
Abdullah Alourani,3447178
Yeram Kim,94369369
Chiehyeon Lim,2153535590
Junghye Lee,5680965
Sungil Kim,2135948373
Sewon Kim,2109700454
Dong-Hwa Seo,2209028560
Karush Suri,30554760
Rinki Gupta,40207192
Tian Lan,2191597607
Shutong Yang,2352832874
Yufeng Jiang,2351348302
Shuomin Wu,2351464732
Zhengyuan Chen,2289794705
Hyeongki Park,2180512973
Naotoshi Nakamura,2265685400
Sho Miyamoto,2278056523
Yoshitaka Sato,2259699403
Kwang Su Kim,2256307018
Kosaku Kitagawa,40897319
Y. Kobashi,1413405377
Yuta Tani,31472714
Y. Shimazu,82032835
Tianchen Zhao,2051559650
Y. Nishikawa,47570906
F. Omata,34540001
Moe Kawashima,14883200
Toshiki Abe,2087094758
Yoshika Saito,2256510374
S. Nonaka,1491777177
Morihito Takita,2251846911
C. Yamamoto,2114695215
Hiroshi Morioka,2337410304
Katsuhiro Kato,2254231461
Ken Sagou,2282248467
Tetsuya Yagi,2278118125
T. Kawamura,2187690181
Akira Sugiyama,2203157963
Aya Nakayama,34614695
Y. Kaneko,2142543104
R. Shibata,2158397971
Kazuyuki Aihara,2282919130
Tatsuhiko Kodama,2057509607
Akifumi Kamiyama,2232789714
Tomokazu Tamura,2449785
T. Fukuhara,2237916854
Kenji Shibuya,2283858294
Tadaki Suzuki,2333304316
Shingo Iwami,2255315972
M. Tsubokura,1842149
Marinara Marcato,2128116524
C. O’Mahony,1393974652
Pauline Galvin,1400529177
Marvin Joshi,2308297945
Charles A. Lynch,2090482034
Ajibayo O. Adeyeye,100524882
G. Soto-Valle,2117341415
M. Tentzeris,9450966
Adam Krechowicz,2134270
S. Deniziak,1716026
Daniel Kaczmarski,2154532287
Shenggao Zhu,2901597
R. Ellis,50194559
G. Schlaug,2159369
Y. Ng,2716033
Ye Wang,2115738141
R. Elakkiya,3103267
V. Subramaniyaswamy,40795678
V. Vijayakumar,144771174
Aniket Mahanti,2346798
Harish Vempa,2233692059
Ch. V. Murali Krishna,2233693844
Hongyan Wan,2237265572
Zan Wang,2284947993
Zhiquan An,2266767992
Guotao Jiao,2266765849
Xinnan Zhang,2284926685
Rahul,2143004518
Nikita A. Volnov,2335605396
Michael Mayo,145809333
Maisa Daoud,1944006
E. Tolstaya,2267563752
A. Tichý,101567878
Sebastian Paris,2278873496
F. Schwendicke,2288180682
T. Prytkova,4608980
C. Chung,2142510590
Alyssa M Saito,2131646182
Jialu Shi,34902423
Jacob Ju,2121645990
Sung-Man Kang,89550886
J. Loureiro-Acuña,1404063725
Xavier Martínez-Luaña,2306049039
Héctor Padín-Torrente,2306049270
G. Jiménez-Balsa,2121093982
Carlos García-Pagán,2175945873
Ines Ortega-Fernandez,1412577657
Nicolas Gratius,2214496036
Mario Bergés,2265261793
Burcu Akinci,2265304611
E. Lannon,145252913
F. Sánchez-Sáez,1401958189
Brooklynn Bailey,1403812082
N. Hellman,6164027
K. Kinney,40197779
Amber Williams,2109165406
Subodh Nag,2052675705
M. Kutcher,4904118
B. Goodin,5142167
U. Rao,144401094
M. Morris,1776182
P. Heramb,2016442074
K. Rao,40017577
A. Subeesh,115087821
RK Singh,2115195448
Y. Rajwade,2092392800
K. Singh,2213274083
M. Kumar,2174969415
S. Rawat,145742532
W. Aly,144614493
R. Quinino,134669561
F. Agena,4922353
L. G. Modelli de Andrade,12692095
M. Furtado,1399037802
A. C. Chiavegatto Filho,66195683
E. David‐Neto,1399138242
R. C. M. Santana,6689995
E. D. S. Guimarães,2314569519
Fernando David Caracuschanski,2276169114
Larissa Cristina Brassolatti,2142619841
Maria Laura da Silva,2345935109
Alexandre Rossetto Garcia,2292496967
J. R. Pezzopane,1402155995
Teresa Cristina Alves,2325958627
Patrícia Tholon,2345052178
M. V. dos Santos,4213211
L. F. Zafalon,83317487
M. MacDonald,145939201
N. Okui,34996735
T. Ikegami,51121357
Tatsuo Hashimoto,2226104963
Yuko Kouno,2216437260
Kaori Nakano,2053358524
M. Okui,15829859
R. Sosa,123142377
Alejandro Alfonso,2073500077
Gonzalo Nápoles,2486393
Rafael Bello,145024712
K. Vanhoof,2212083
A. Nowé,144336828
M. Rigaki,46215736
S. García,32015343
Yu Qian Ang,2003406528
Andrew Chia,118187689
S. Saghafian,2096503
Fernando Jose Suarez Saiz,34840145
C. Sanders,2064155938
Rick J Stevens,70221558
R. Nielsen,87485537
Michael W. Britt,153606975
A. Preininger,5269943
G. Jackson,8916916
Shuang Zhou,2189765676
Yuankai Huo,34430081
Shunxing Bao,3449782
Bennett A. Landman,2133475009
A. Gokhale,145201463
Hui Xie,2280278661
Jianfang Zhang,2107969538
Lijuan Ding,2274237335
Tao Tan,2280163785
Qing Li,2274636261
N. Findler,1806175
Younes Boubekeur,2003428471
G. Mussbacher,1741154
Shane McIntosh,1725534
J. Pearl,2103462731
Yongqi Zhang,48379419
Quanming Yao,3259992
J. Kwok,145193332
A. Mohammadi,2054444791
B. Mashhoodi,73773344
Ali Shamsoddini,2202449026
Elahe Pishgar,134596671
R. Bergquist,2070119768
F. D’Amico,1422394282
M. Barone,39853536
Teresa Tavella,151238455
S. Rampelli,5139245
P. Brigidi,4152810
S. Turroni,6957950
Gen Li,1625285881
S. Panday,41097100
E. Alexov,1693419
F. Y. M. Adiyatma,2148554016
Dwi Joko Suroso,2076508
P. Cherntanomwong,2160010
A. Rivera,1380271246
Omar Al-Heeti,2238839908
Lucia Petito,2299989225
Janna L. Williams,2111788086
Matthew J. Feinstein,50183476
B. Taiwo,32685211
C. Achenbach,4252512
Dollina D. Dodani,2163558174
M. H. Nguyen,4727895
Ryan D. Morin,1803995
M. Marra,1778564
R. Corbett,144569926
Arunabha Majumdar,6347589
Preksha Patel,1570831201
B. Pasaniuc,2218093
R. Ophoff,3359407
C. M. Liapis,2051920374
Konstantinos Kyritsis,2292331347
I. Perikos,1776159
M. Paraskevas,40537016
Benson Mbani,2184720568
J. Greinert,2508241
Alberto Gasparin,32264326
S. Lukovic,1806796
C. Alippi,1785004
Jingyi Wu,2282867504
L. Williams,2162869982
Bardia Khosravi,2248619490
Marko Velimirovic,2269339944
Jack Khouri,40167076
Shahzad Raza,2241949949
Sandy Mazzoni,2182941692
C. Samaras,48088423
H. Awada,2142160578
D. Dima,2148542963
J. Valent,145108089
F. Anwer,5507318
J. Bailey,145148600
L. Khan,145155297
T. Washio,1704749
Eden Sarid,153899576
Omri Ben-Zvi,1412373604
Erickson Johny Galindo da Silva,2310193780
Artur Paiva Coutinho,2253481515
Jean Firmino Cardoso,2310050405
Saulo de Tarso Marques Bezerra,94014125
Pravesh M.L,2181487848
S. R,2127202957
Mythili M,2127209631
Suprith S,2181473038
Nikki L. Hafezi,31723514
F. Hafezi,5251221
T. Oh,2006589459
Dongkyun Kim,2154916256
Changwon Won,2056929320
Sunyoung Kim,2109659064
E. Jeong,47696138
Jisoo Yang,2124381985
Junghwa Yu,2155617139
Byungsung Kim,7412515
Joohyun Lee,2119021052
Sumit Tarafder,153744796
Debswapna Bhattacharya,2548834
Akshata Jedhe,2184351706
S. Chopade,79944353
B. Mallikarjuna,2314461270
Mallikarjun M. Kappi,1572164542
Salma Taj,2314458659
Arthi R.,2302929798
Bireshwar Ganguly,7511814
Dr.Devashri Kodgire,2273439050
Samir N. Ajani,2297217407
Praveen H. Sen,2297217563
Nilesh Shelke,2297216848
Anil W.Kale,2297216842
Weijie Kang,66455921
Jiyang Xiao,2169350937
Junjie Xue,2103336093
Elisa Fuscà,82655403
Anna Bolzon,82352282
Alessia Buratin,2030973833
M. Ruffolo,25650200
P. Berchialla,2559629
D. Gregori,143951888
E. Perissinotto,4929193
I. Baldi,2872287
Ashley DeBauge,2114240134
Christopher J. Harvey,2275383498
Tyan Fairbank,2211399007
S. Ranka,35081357
Sania Jiwani,77677788
Seth H. Sheldon,2275214936
Madhu Reddy,2070436554
Amit Noheria,2275374685
Yilun Jin,9372198
Yang Liu,40457423
Kai Chen,2157740727
Qian Yang,144286907
Anuradha Pillai,2279490176
P. Brlek,1473553092
L. Bulić,2217150894
N. Shah,2333429627
P. Shah,2333360045
D. Primorac,2333222090
Wanjia Zheng,2124491434
Kazumasa Omote,2596373
Yi-fan Zhang,2270958682
Meng-ying Fan,2309982371
Qi-rui Bai,2310040392
Rong Zhao,2266167149
Shan Song,2310320981
Li Wu,2161944199
Jun-hui Lu,2310188122
Jing-wei Liu,2309962147
Qi Wang,2310246652
Yuan Li,2310440004
Xing Chen,2271219376
B. England,2134980329
Yangyuna Yang,2119900968
P. Roul,90578406
Christian Haas,2052438769
Lotfollah Najjar,1786901
H. Sayles,144666716
Fang Yu,2155384519
B. Sauer,2134646970
J. Baker,2487706
F. Xie,3433755
K. Michaud,4130329
J. Curtis,40329126
T. Mikuls,144656316
A. Moosavi,3305905
Vishwas Rao,144321616
Adrian Sandu,145878509
Nantachai Kantanantha,16686130
Pattarapol Pattaraumpornchai,2289498538
Philomina Simon,1684351
V. Uma,47449297
Xiufeng Ni,121902253
Zeyuan Liu,2263534705
Jizhong Wang,2269508492
Mengting Dong,2269292623
Ruwei Wang,2269408279
Zhu Qi,2072539511
Haolong Xu,2269760393
Chao Jiang,2269368057
Qingyu Zhang,2263944872
Jinnan Wang,2261674296
E. Jayanthi,2353483101
T. Ramesh,2076093347
R. Kharat,9445724
M. R. M. Veeramanickam,2304181277
N. Bharathiraja,2209214331
R. Venkatesan,2066174053
Raja Marappan,9441219
R. Prashanth,144087596
Sumantra Dutta Roy,1771967
P. Mandal,2300125
Shantanu Ghosh,
O. Okun,2288709569
Srigiri Krishnapriya,2210120738
Y. Karuna,6004731
Hao Chen,2149050506
Qixia Zhang,34929865
Y. Birkelund,2194789
Deepti Singh,2112765682
R. Nigam,40243389
R. Mittal,1500413929
Manju Nunia,2183969178
Cuauhtémoc Núñez Valencia,2121431070
Matthew Helmi Leth Larsen,153287487
William Bang Lomholdt,2006323474
J. Schiøtz,1422255808
T. Hansen,2142358686
Hasan Yıldırım,2238706836
D. Manias,1379775094
Ali Chouman,95119037
Abdallah Shami,2193497884
B. Greene,34839673
Killian McManus,1381286948
L. G. M. Ader,31494087
B. Caulfield,83646049
Kavya Singh,2158463844
Deepanshu Singh,2112765871
Nitin Mishra,2061040584
S. Oprea,36065850
A. Bâra,9725881
Gabriela Dobrița,2200465150
Xia-an Bi,8799136
W. Zhou,2118882392
Lou Li,2144366075
Zhaoxu Xing,2057637713
Salim Sazzed,37346044
Salim Sazzed,2266393377
Vipin Das,2308760392
B. Nair,145878527
R. Thiruvengadathan,6334440
J. Tröger,10300985
N. Linz,29874164
A. König,144632221
P. Robert,2282672
J. Alexandersson,143912625
Zhenkai Lin,1490938396
Dou Yimin,1879115700
Jinping Li,2288161719
Ting Yi,2296581198
Weikai Li,2267867374
Weian Wei,2174106987
Guangchung Wu,2296596406
Guihua Jiang,2296610922
Xin Gao,2247769157
Ke Jin,2296591249
G. Turcato,38922733
A. Cipriano,10756256
Naria Park,2043374721
A. Zaboli,1387456227
G. Ricci,145308294
Alessandro Riccardi,48986668
G. Barbieri,1879194889
S. Gianpaoli,80031192
G. Guiddo,48450227
Massimo Santini,2072089671
N. Pfeifer,1387456282
A. Bonora,11839298
C. Paolillo,35471116
R. Lerza,5787084
L. Ghiadoni,2342158
Vishnu Prasad Verma,78563398
Nenavath Srinivas Naik,2112637
Santosh Kumar,2143544312
C. Chang,2116629508
Guangwei Su,2275893875
Haimei Cen,2275903067
Jiuchun Jiang,2246688359
Aina Tian,2261525372
Yang Gao,2261669922
Tiezhou Wu,2258092447
N. Yahia,2455864
Jihen Hlel,2082349906
R. Colomo-Palacios,1398234295
Lu Zheng,49537904
Cong Wang,2116640305
Xue Chen,2205715471
Yihang Song,2096283
ZiHan Meng,2055974790
Rui Zhang,144142354
G Krishna Vamsi,2285029824
A. Rasool,14137553
Gaurav Hajela,1931753533
Shivabalan Kathavarayan Ramu,88981940
Anjali Byale,2163420827
W. Jung,1782095
Jinhyuk Yim,36997065
Young-Bae Ko,1683831
Xiaowu Tang,2336532915
Weijie Ye,2165778617
Yongkang Ou,2327739393
Hongsheng Ye,2336230011
Xiran Zhu,2336255543
Dong Huang,2338055865
Jinming Liu,2336154363
Fei Zhao,2152338655
Wenting Deng,2284749528
Chenlong Li,2336246892
Weiwei Cai,2308229655
Yiqing Zheng,2298226189
Junbo Zeng,2072984522
Yuexin Cai,5067150
Maria V. Ionescu,38909439
J. Renaudier,2284807
A. Ghazisaeidi,2965403
Arnaud Leroy,2071045962
O. Courtois,8679851
Leyao Wang,2031445823
Prayag Tiwari,2176417353
Yijie Ding,1727578
Fei Guo,2153242749
E. Wikner,91404302
Raik Orbay,92795107
Sara Fogelström,1392734367
T. Thiringer,9206401
Guohao Yu,2116615849
A. Zare,115105556
Hudanyun Sheng,1410425364
R. Matamala,5757280
J. Reyes‐Cabrera,1410410233
F. Fritschi,144485801
T. Juenger,3854767
Kristina I. Haljasmaa,2315016777
A. Bramm,2034265822
P. Matrenin,10672325
Stanislav A. Eroshenko,2264444739
Kai Pan,2143046647
Hui Liu,49957841
Zhijun Wang,2145054662
Wenjing Ji,2215638520
Jianhai Wang,49606203
Rui Huang,2215567113
Ze Wei,2215593210
Dong Ye,2087663344
Chang Xu,2219713159
Haining Wang,2130319351
Souhir M'Rabet,2307279226
Hanene Sahli,31548176
Bacely Yorobi,2323246123
Mounir Sayadi,2301602164
Saurabh Shukla,2150905424
M. Hassan,1700114
L. T. Jung,1840964
Azlan Awang,2872282
Muhammad Khalid Khan,2115772042
Alessandro Marceddu,2248526940
Massimo Miccoli,2248508139
Alessandro Amicone,2247782892
Luca Marangoni,2248506536
Alessandra Risso,2304198401
Maria Daltayanni,3263909
Chunye Wang,3221508
R. Akella,1699881
Vishva Patel,2351817235
Hitasvi Shukla,2351187108
Aashka Raval,2210256788
A. Tabaie,51460227
Alberta Tran,2295555401
Tony Calabria,2316969146
Sonita S Bennett,2316971534
Arianna Milicia,2295960675
William S. Weintraub,2240134479
W. Gallagher,2316969276
John Yosaitis,2316970082
Laura C. Schubel,2304533493
Mary A Hill,2280259452
K. Smith,2280903271
Kristen Miller,2317043103
Suresh Kallam,2244475835
Prasun Chakrabarti,2238639465
Bui Thanh Hung,2238860732
S. S,2228311819
B. Cheung,2042181142
K. Lau,2069341757
V. Lee,153766524
T. Leung,49755324
F. Kong,146720332
M. Luk,82044718
K. Yuen,10827975
Mohit Kumar,2109783048
N. Stoll,1775297
R. Stoll,2659723
Anna Kletzmayr,1491566302
S. R. Mulay,49109644
M. Motrapu,87360314
Zhi Luo,2087056928
H. Anders,144379196
M. Ivarsson,14691285
J. Leroux,144011676
B. P. DeJong,1950269
Ernur Karadoğan,2682409
Z. Cao,2113998995
Roxana Azma,2345537742
A. Hareendranathan,2214516
Mengxun Li,151121894
Phu Nguyen,2346886891
A. Wahd,2199954934
Jacob L. Jaremko,2297508664
Fabiana T. Almeida,2345541185
M. Esfandyari,34685776
A. Amiri Delouei,13063574
Ali Jalai,30616669
Clemens Maucher,113491240
Jonas Gerold,2295453410
H. Möhring,71915951
M. Choraś,1749015
K. Demestichas,1732839
Álvaro Herrero,145774167
Michal Wozniak,48037307
Diego Vallarino,2287616606
Y. Pang,2057013872
Ye Li,2177259795
Dong Xu,2116458545
Xiaoli Sun,92217698
Dailun Hou,2134855944
D. Munro,2070688474
A. Selvitella,2324925
J. J. Valdés,3203932
A. Dasilas,119415148
Anna Rigani,2311400191
Jiun-Yu Wu,47876037
Chin-Chung Tsai,2250062
Siqin Qi,2221558948
Jiayi Pan,3327515
A. Devlin,1486261267
Jayesh Patel,31933741
Qianfei Wang,1754116731
Dong Liu,2269175808
Tianci Gao,2261798802
Yulei Tao,2261896580
Xin Li,2269321127
Yuan Liu,2253506296
Zhiliang Liu,2109097712
Jianqiang Mei,2052119092
Fen-qiao Chen,1753972539
Rajka Hrbić,1581848615
Tomislav Grebenar,2205476726
A. Abdelhamid,3074350
Sultan Refa Alotaibi,46548665
Koen Niemeijer,2282918190
R. Feskens,5326406
G. Krempl,1733347
J. Koops,1410587004
Matthieu J. S. Brinkhuis,47369965
Su Zhang,48691553
Xinming Ou,1932524
Doina Caragea,1736546
Vijay R. Prabhakar,2337955584
Yulin Wang,2301753981
Lihua Wu,2219302992
C. A. Gandarilla-Pérez,1419056876
S. Pinilla,27089172
Anne-Florence Bitbol,2163484
M. Weigt,1817094
S. Phan,40253895
C. Luscombe,4695656
Jiyuan Shi,1516927215
Shuaifang Wei,74211107
Ya Gao,8128261
Fan Mei,2197275177
Jinhui Tian,2313054784
Yang Zhao,2145161703
Zheng Li,2146249261
Rebecca Phythian,1394920907
Stuart Kirby,2278083291
Danial Moazen,2082057310
Seyed Sajjadi,113002914
A. Nahapetian,144416264
Lulu Cui,12452625
Shuxiao Wang,143788670
A. Budiarto,35514304
Bens Pardamean,2948465
Dale Smith,2269750982
Robbie Glachan,2269174920
Scott Tranter,2269173130
Robert Potter,2269172543
Muneki Yasuda,39956081
Lemuel Clark P. Velasco,9208557
R. Serquiña,4086258
Mohammad Shahin A. Abdul Zamad,2186775761
Bryan F. Juanico,50721048
Junneil C. Lomocso,108045510
Le Wei,2217699710
W. Wen,1710599392
Zhou Fang,2072876354
Ping Zhang,2154286648
Lianwei Yang,2111839972
Wenjie Ma,2111665055
Ning Wang,2152171897
Feng Wen,2128145525
Qi Liu,2047589805
Anitha T,2291090176
Gopu G.,2291088168
Arun Mozhi Devan P.,2291088852
Maher Assaad,2238333724
Jing He,2348591192
Kun Ning,2348534082
A. Naznin,2311773030
Yuanyuan Wang,2292997789
Chen Chen,2342997049
Yuanyuan Zuo,2342944606
Meixue Zhou,2251489529
Chengdao Li,2266458282
R. Varshney,2047154792
Zhongwen Chen,2144173938
Jatin Goyal,50847172
D. Ng,4613103
Kecheng Zhang,152645158
A. Chan,2152625840
J. Lee,2167499827
Kai Zheng,145487536
K. Hurley-Kim,1422562229
Lee Nguyen,2150604621
Lu He,2109396612
Megan H. Nguyen,2151594945
Sarah McBane,2143240492
Wei Li,2220574917
C. Cadiz,11698541
S.B. Abitha,2297381795
R. Santhoshi,2305882690
B. B. Sangameswaran,2281353915
K. Shivashanker,2340238891
S. Balakrishnan,2340238552
Tharun V,2297381314
V. Lytvyn,144007792
V. Vysotska,2299704072
Viktor Shatskykh,1396326653
I. Kohut,146980041
O. Petruchenko,123222055
L. Dzyubyk,101158454
Vitaliy Bobrivetc,148279379
V. Panasyuk,13877164
S. Sachenko,3192083
Myroslav Komar,38223865
Q. Ni,35388337
Jun Zhu,2231628284
Luqiao Chen,2196102511
Jianfeng Tan,2115409894
Jinmeng Pang,121541832
Xiangshan Sun,3489947
Xiaohua Yang,2229029498
Jiaqi Gu,2098601
Hanqing Zhu,2115315923
Chenghao Feng,46239910
Zixuan Jiang,
Ray T. Chen,2148472272
D. Pan,1681705
Cillian Harney,1471878420
M. Paternostro,2519156
S. Pirandola,1773054
Lekshmy H O,2169012551
Swaminathan Jayaraman,49940663
Yun Li,50025010
Tao Li,2149199013
Huan Liu,38746648
M. N. Abdullah,52600309
Y. B. Wah,9386838
Abu Bakar Abdul Majeed,8536410
Y. Zakaria,32260698
N. Shaadan,93658161
Bernice Kubicek,1904974382
A. Gupta,152158488
I. Kirsteins,1787263
S. Meystre,2922878
R. Gouripeddi,3013365
Joel S. Tieder,10128489
Jeffrey Simmons,143642449
R. Srivastava,1987531
Samir S Shah,144981284
M. Frye,113711879
R. Schmitt,153921505
Júlia Bergmann,153360122
Dávid Gyulai,3385287
Armaghan W. Naik,1788022
Joshua D. Kangas,1769837
Devin P. Sullivan,2044896
R. Murphy,34088891
Ariel Guersenzvaig,2282850201
J. Ros,39388352
Christophe Laurent,144153123
J. Jolion,1680935
Shuyi Feng,2301137807
Padmini Ramachandran,2298171992
Ryan A. Blaustein,2351206082
A. Pradhan,145666440
E. Cuoco,114728464
B. Patricelli,152320998
A. Iess,51918071
F. Morawski,151001524
Chuan Tian,2072926357
C. Urry,4007961
Aritra Ghosh,3201314
Ryan Ofman,2175784807
T. Ananna,102719099
Connor Auge,1562099677
N. Cappelluti,73501214
M. Powell,49363826
D. Sanders,2246289346
K. Schawinski,6552704
Dominic Stark,2071621314
G. Tremblay,37405061
M. Ross,2068075785
Tzy-Ying Lin,115606647
Daniel J. Gould,2541549
Sanjoy Das,2166448375
H. Bindra,88883272
Gao Ping,2253359147
Yan Lei,2256481117
Mohamed Badiy,2165409280
Fatima Amounas,2257021137
Mourade Azrour,34383536
Abdullah Alnajim,2292615146
Abdulatif Alabdulatif,3412554
Sheroz Khan,2297446456
Salma Bendaoud,120902465
Hauke Heseding,29769833
Felix Bachmann,1564351470
Philipp Sebastian Bien,2264975437
Martina Zitterbart,2238326911
Ziming Chen,2144251988
Mengshi Li,30599873
T. Ji,145336004
Qinghua Wu,145048944
A. Schwaighofer,2071649
T. Schroeter,34954622
S. Mika,2459012
Julian Laub,144389029
A. T. Laak,14270207
D. Sülzle,2380180
U. Ganzer,48613937
N. Heinrich,34305015
K. Müller,145034054
